,estimate,lowCI,highCI,p
Intercept,902540.9532949963,-5277034.939620153,7082116.846210145,0.77461730270088
budget,2.960080182532878,2.857418146916039,3.0627422181497175,0.0
